gamesbannernet,2093
myyearbook,2086
fbcdn,2002
google,1930
yimg,1156
adnxs,852
mybcdna,840
googleusercontent,668
vpnzz,626
scorecardresearch,580
quantserve,574
doubleclick,484
google-analytics,476
gov,461
freexgallery,407
co,365
pricegrabber,357
meebo,351
exoclick,341
yahoo,327
17,315
facebook,303
musefferoz,300
triond,297
stanzapub,294
betrad,290
pornharvest,281
ytimg,276
phncdn,271
prime-porn,236
fastclick,231
exelator,203
highwebmedia,192
yuvutu,181
2mdn,177
fap,174
googlesyndication,170
saymedia,164
jsfeedadsget,161
contextweb,151
217,150
bologna,149
juicyads,146
com,139
ferronetwork,138
sxx,138
yieldmanager,135
admeld,134
247autohits,126
pop6,125
fc2,116
videosz,116
cloudfront,116
mzstatic,113
cam4,105
benecolusa,104
bluekai,104
jsfeedget,102
nubiles,101
jailbaitschan,98
btmon,98
ero-advertising,97
chitika,93
adinterax,92
svscomics,92
userapi,91
openx,91
link-trade,88
mmismm,87
hwstatic,85
apple,85
images-amazon,85
akinator,84
hdv-teen,83
askjolenestatic,82
livedoor,82
googleadservices,80
just18,80
tribalfusion,79
publicbt,79
digicert,78
adxpansion,78
prq,77
atdmt,75
nastygodcash,73
imagebam,72
ubuntu,71
twitter,71
perfectgirls,70
gstatic,70
blogimg,70
medication-free,70
verisign,70
addthis,70
healthmad,69
blogspot,67
turner,66
imagefap,66
clkads,66
topface,66
mnova,66
invitemedia,65
all4syria,65
yadro,65
usenet,64
creafi-online-media,64
cam4ads,64
cdn-hotels,63
hothdvideo,63
bytelove,62
xhamster,61
reifen-vor-ort,61
freexxxindex,61
free-world-classifieds,61
distributel,60
teensnaked,59
isohunt,58
sonobi,57
interpark,57
movieroomreviews,57
truste,56
thebimaxx,56
ana-ero,55
adobe,53
raidrush,53
trekmedia,53
1001-hotels,53
archive,52
dvdcdn,52
tynt,52
eurobabepics,52
littlevirginteens,50
castingcouchingteens,49
ip-score,49
afy11,49
camfuze,49
as-ansar,49
date-connected,48
centralpoint,48
pneumatiky,47
freesexlink4you,46
fling,46
mozilla,46
realyoungvids,46
yourdailygirls,46
x-pics,44
xvideos,44
turn,44
lycos,44
questionmarket,43
nsgalleries,43
tns-counter,43
zedo,43
eltrafiko,43
anythumb,43
youtube,43
outbrain,43
machteamsoft,41
top-50,41
looti,41
dsultra,40
shahvani,40
scienceray,40
lvinpress,40
superpages,39
trafficjunky,39
lilnymph,38
doubleverify,38
adsafeprotected,38
nudist-video,38
rmmneuron,38
vk,38
ameblo,37
dt00,37
superwarehouse,36
kaskus,36
teens-top,35
edgesuite,35
tremormedia,35
medleyads,35
nsimg,35
headandshoulders,35
yahooapis,35
newegg,34
mathtag,34
apmebf,34
emuaid,34
rlcdn,33
34,33
payserve,33
sentimente,32
swankmembers,32
lijit,32
mookie1,32
jumptap,32
realmedia,32
temptingcherries,31
nudistteen,31
gscdn,31
fukugan,31
tx,30
247realmedia,30
net-mine,29
asianpornarchive,29
ropo,29
russianvirginz,28
pow7,28
cam4s,27
yandex,27
a-teenz,27
japan-whores,26
pubmatic,26
sexobr,26
hostingwebforum,26
cyberport,26
tarstarkas,26
meebocdn,26
luxup,26
bing,26
kimonocuties,25
sexovideos,25
youporninhd,25
z5x,25
vote4me,25
drsexo,25
mindfactory,25
interclick,24
torproject,24
media6degrees,24
occupywhittier,24
pornstar-world,24
sitescout,24
imagehost123,24
superasses,24
pulsemgr,24
picoadserver,24
rudefinder,24
assmovies,23
carsaccessories4u,23
mail,23
xe,23
viewpornstars,23
zoidin,23
advertising,23
pornme,23
doublepimp,23
linkbucks,23
adadvisor,22
163,22
superasian,22
teencz,22
addthisedge,22
moneydj,22
crwdcntrl,21
handy69,21
shopserver7,21
bluelithium,21
18tube,21
burstnet,21
rubiconproject,21
porn-magazine,21
onlinegames13,21
tubexxx,21
movies18,21
drtuber,21
kidscomfort,21
free,20
gexo,20
megaasian,20
supertits,20
plugrush,20
monster,20
pof,20
asianmovies,20
panpilog,20
girlsteachsex,20
megatits,20
superlatinas,20
megaass,20
4chan,20
megasex,20
hostels,19
letusfuck,19
solomodelpics,19
displaymarketplace,19
imagevenue,19
baranmovie35,19
dropbox,19
analmovies,19
teensx,19
simpli,19
ftalk,19
superbitch,19
superass,19
mesghal,18
icetraffic,18
ru4,18
aol,18
megalatinas,18
usertrust,18
superamateurs,18
allocine,18
w55c,18
gfsrv,18
squabbel,18
japanfever,17
javme,17
fineartamerica,17
mixi,17
yfum,17
xl,17
collective-media,17
zeroadserver,17
wlw,17
imageshack,17
fastpic,17
salon-opon,17
freeyoungteenphotos,17
lsmodel,16
mediaplex,16
mjl365,16
ziyu,16
topgamebox,16
nudevector,16
nexac,16
netdna-cdn,16
dumplingstherestaurant,16
atedra,16
morelatinas,16
245,15
244,15
cnn,15
tvtorrents,15
adultfriendfinder,15
criteo,15
trulia,15
barkadafm,15
donkeyinternet,15
teenvideos,15
videobash,15
blogger,15
portableturk,15
alarabiya,15
seloger,15
triggit,14
teensgirls,14
uloz,14
clubpixxx,14
teen-sweet,14
live,14
lygo,14
nymphetsfirsttimesex,14
206,14
akamaihd,14
21,14
partnercash,14
vindicosuite,14
playserver1,14
histats,14
free-toplisten,13
dmtry,13
freeteentop,13
euroteenmovs,13
sexad,13
recaptcha,13
chango,13
kidsgames13,13
lotsfungame,13
yontoo,13
sandai,13
dtiblog,13
rarbg,13
xxxtop,13
agkn,13
gravity,13
imgsrc,13
buxflow,13
moviefap,12
wikiseda,12
data-ero-advertising,12
adfunky,12
emotii,12
sndcdn,12
awempire,12
jetswap,12
adwolf,12
iranianuk,12
retracker,12
comodoca,12
googleapis,12
macromedia,12
rmmcdn,12
xtendmedia,11
livejasmin,11
pornvat,11
thawte,11
youporn,11
addfreestats,11
navnavnav,11
62,11
angelfire,11
shadowlands,11
thepiratebay,11
freephotogirls,11
sccmo,11
independantsearch,11
empflix,10
cpxinteractive,10
jdownloader,10
zxxds,10
vkontakte,10
ameba,10
picload,10
serving-sys,10
sedoparking,10
socyberty,10
btrll,10
petiteteenworld,10
myfreecams,10
pyknet,10
webhostsafe,10
ed4,10
teenpornthumb,10
whatismyipaddress,10
ovh,9
kidsmoms,9
niceasspics,9
craigslist,9
parsafun,9
crakmedia,9
vipspace,9
casalemedia,9
entrust,9
linkbucksmedia,9
nichegalz,9
adult-muryo,9
jobs,9
alcomature,9
adap,9
adition,9
teens-pics,9
trannybox,9
owneriq,9
amung,9
toplist,9
exponential,9
conduit-services,9
jizz-on-my-gf,9
hawlati,9
gammae,9
spotxchange,9
88,9
zgncdn,9
vashazvezda,9
rambler,9
imrworldwide,9
alexa,9
ilivid,9
bittorrent,8
models16,8
hqtoplist,8
technoratimedia,8
nudistgirls,8
walltowallstencils,8
adsrvr,8
rutracker,8
adriver,8
otherprofit,8
tastefuldate,8
amateurmagic,8
connexity,8
csze,8
yieldads,8
poparcades,8
tekoki7,8
informer,8
redfin,8
huntandgathermarketing,8
planetrealtor,8
contentabc,8
costcentral,8
lucidmedia,8
50na50,8
magicalmaker,8
xxxymovies,8
uploaded,8
secureserver,8
ilibr,8
swagbucks,8
muub,8
6cartoons,8
jeetyetmedia,8
match,8
tumblr,8
wtp101,8
theporngarage,8
godaddy,8
mmaaxx,7
picofile,7
cashdorado,7
dictionarromanenglez,7
gamesgardens,7
startssl,7
badoink,7
tappinn,7
meetic,7
dotomi,7
adjuggler,7
rightaction,7
marketgid,7
cuzk,7
voicefive,7
dateprofitsads,7
onlyteenfuck,7
roozonline,7
vergoelst,7
zenfs,7
freesexlink,7
3web,7
enuri,7
momoero,7
aebn,7
token,7
revsci,7
industrystock,7
ilius,7
play,7
danarimedia,7
gwallet,7
licdn,7
funmoods,7
asda,7
babcdn,7
friendlyduck,7
iplay,7
dtiserv,7
rmgserving,7
revolvermaps,7
netseer,7
link8,7
swankdollars,7
trifter,7
nfm,7
gulfup,7
bizcovering,7
idisearch,6
uploadhouse,6
chatorgasm,6
adsmarket,6
ftjcfx,6
videobbs,6
memberareamanager,6
trafficrevenue,6
heavy-r,6
widdit,6
feedsportal,6
garss,6
gigaporn,6
zigglesearch,6
toplist-porno,6
ofreegames,6
estekhtam,6
9you,6
teenskirts,6
fucking-cash,6
seekysearch,6
flashtalking,6
justsilviasaint,6
young-porn-photos,6
194,6
tubecunts,6
yldmgrimg,6
share-files,6
expandedsearch,6
183,6
searchcreek,6
askjolene,6
ifriends,6
lice-mer,6
p-td,6
shinobi,6
imgfarm,6
sharethis,6
domainprofi,6
googletagservices,6
imvu,6
intermundomedia,6
flickr,6
adersite,6
putenporn,6
teen4love,6
gigya,5
tipd,5
sitemaji,5
megaamateurs,5
tubemogul,5
teens-porn,5
freesex4you,5
psphomes,5
hittracker,5
hyperfind,5
xxxschoolsex,5
sportingpulse,5
audienceiq,5
raasnet,5
incestindex,5
domdex,5
young-dreams,5
shareaholic,5
nude-virgins,5
tainster,5
zossk,5
finderlocator,5
x-art,5
nicemix,5
ne,5
cbox,5
allhousewifegals,5
adbrite,5
gameslist,5
enoratraffic,5
avast,5
nudeteenlist,5
cricbuzz,5
adimg,5
raidonline,5
spearmintgirls,5
blogsky,5
011st,5
twimg,5
datingadzone,5
slovakiaguide,5
petitmovie,5
pureteenporn,5
wslinx,5
pswec,5
122,5
androidgamese,5
linode,5
gameolosophy,4
awltovhc,4
99,4
baronsmedia,4
adroll,4
trafic,4
firstload,4
tqlkg,4
pointroll,4
il,4
streamate,4
udmserve,4
adengage,4
zond,4
minkch,4
777partner,4
videocustomizer,4
ulust,4
cmmeglobal,4
everesttech,4
emmie-model,4
xray-cash,4
pornbay,4
my-junior-sister,4
xxxcounter,4
computersight,4
insightexpressai,4
cam-content,4
bidsystem,4
tlvmedia,4
starfieldtech,4
clicksor,4
jeepshop,4
hiro,4
rr,4
mondominishows,4
cafe24,4
menepe,4
uni-stuttgart,4
lfstmedia,4
poponclick,4
luminate,4
jlisting,4
probanners,4
amazonaws,4
authspot,4
youtube-nocookie,4
sextracker,4
microsoft,4
kinorun,4
traffichaus,4
i2i,4
12mlbe,4
insurancequotesbystate,4
popads,4
jamon-serrano,4
nav,4
lduhtrp,4
relestar,4
or,4
abmr,4
motigo,4
mpmcash,4
kadtd,4
thepornlist,4
firstcovers,4
choicestream,4
pantheranetwork,4
b-static,4
puthiyathalaimurai,4
directtrack,4
inthecrack,4
perfect-teen-ass,4
racing-games,4
overture,4
doomail,4
bannergadgets,4
optmd,4
addaim,4
teenpearls,4
meaningtool,3
fundorado,3
cloakfish,3
webtrendslive,3
theclassicpornmovies,3
littlethumbs,3
pornhub,3
relijournal,3
clickzzs,3
capturedgirls,3
rabbitporno,3
openstat,3
iloveinterracial,3
torrentr,3
torrentz,3
fmpub,3
joyouspoker,3
adlantis,3
feedburner,3
brilig,3
etracker,3
authorize,3
metangels,3
rghost,3
topwebcomics,3
visit-tracker,3
addclips,3
scanscout,3
mobfox,3
greatsextop,3
ssky-net,3
fusionmails,3
adfonic,3
bravotube,3
txpokergame,3
searchignited,3
sexaah,3
bravexml,3
nuggad,3
geile100,3
clickbooth,3
gravatar,3
imagetwist,3
xgraph,3
watchmygf,3
omexmlfeeds,3
no-nude1,3
dti-ranker,3
bustin-a-nut,3
ccc,3
discounttiredirect,3
domywife,3
ero-toplist,3
validwin,3
topscore,3
babylon,3
hobwelt,3
freesexlinks4you,3
hspj7777,3
td,3
ud-navi,3
videosecrets,3
list,3
st-hatena,3
xdating,3
justppc,3
currencyconnect,3
ivwbox,3
trafficfactory,3
thespecialsearch,3
webgozar,3
goaltraffic,3
amgdgt,3
cia,3
ul,3
unitedunderground,3
brsexo,3
eromovix,3
young-porno,3
extreme-dm,3
32,3
donkeymails,3
slimtrade,3
mgid,3
rapb,3
validguard,3
adnetwork,3
trafficholder,3
gomestic,3
local,3
comhem,3
abzhu,3
upperseeker,3
veryyoung,3
topteens,3
cxt,3
datehookup,3
vs,3
cardstore,3
demdex,3
orbengine,3
sextime24h,3
teensfirstanal,3
globalmeta,3
sexmovies,2
search-sex-toplist,2
sextop100,2
fidlar,2
searchcactus,2
dyndns,2
indecently-exposed,2
atwola,2
85games,2
lzjl,2
kiev,2
amateursfucking,2
xxtops,2
real-familysex,2
youspacko,2
ogame,2
apserver,2
nowyoo,2
montiera,2
cmyip,2
ebook-hell,2
xhcdn,2
motherlessmedia,2
ptp123,2
young-xxx-porn,2
quibids,2
megadeal,2
thanksoft,2
valeptr,2
55,2
itraffic,2
optimizely,2
racinggames4u,2
supersonicads,2
notecm,2
225,2
nv,2
yahoomail,2
xxxynetwork,2
naver,2
az-europe,2
xmlcpv,2
whoer,2
dana336,2
mystat-in,2
top50solar,2
suppa,2
msn,2
spotplanet,2
best-sexpage,2
qqgames,2
cdn-image,2
sparkle-hayter,2
topamateursexvideos,2
begun,2
swemobads,2
kralsexseyrett,2
org,2
inmobicdn,2
caratorrent,2
mrvoyeur,2
targetingnow,2
ant,2
hostgator,2
newtentionassets,2
filestube-crawler,2
nightlifetelevision,2
payclick,2
flagcounter,2
moisearch,2
thebulliondesk,2
blogblog,2
platinumbucks,2
readnshout,2
adcash,2
webtracker,2
media-imdb,2
gostats,2
bitty,2
bitgravity,2
hitslap,2
ib-ibi,2
ladtechprojects2,2
baidu,2
rateshops,2
allabc,2
eurogayzone,2
globe7,2
httpads,2
adsymptotic,2
tinyurl,2
toplinkworld,2
e-referrer,2
xxxbbs,2
mgf5,2
weatherbug,2
milimedia,2
conduit,2
thumbhost1,2
govzpeople,2
globalsign,2
ladycash,2
ads-srv,2
specificmedia,2
wouldutap,2
rss2search,2
adultfreedom,2
pussycute,2
futubox,2
koppelectric,2
freesexlist,2
ustream,2
chatango,2
green-teens,2
mywebclick,2
twistys,2
sexyteenphoto,2
hotels,2
bigmir,2
seznam,2
dupageco,2
chartbeat,2
freebestteen,2
blinkx,2
bookmarkcentral,2
idolbucks,2
count-down,2
whatismyip,2
camads,2
tagza,2
gl-cash,2
valwa,2
blogpeople,2
freenudeteens,2
sexpicsi,2
33across,2
sexrank,2
85,2
princess,2
sexyxxxworlds,2
geotrust,2
anzeiger,2
xhamsterpremiumpass,2
fajrbh,2
teenseuro,2
liverail,2
kontera,2
ptp163,2
findhe,2
live6world,2
yageer,2
liftdna,2
x7y24z365,2
microad,2
pro-market,2
micklemedia,2
112,2
adult-mark,2
qwobl,2
galleriesteens,2
noaa,2
trackuk,2
orgycash,2
affaire-blog,2
no-minimum,2
naiadsystems,2
xunlei,2
compete,2
dbjsz,1
tiedgirls,1
baronsoffers,1
ruye365,1
promowebserver,1
touki,1
streamray,1
hs-esslingen,1
comcast,1
univers-du-partage,1
90,1
ma,1
hotvirgins,1
cute-sunny,1
ittele,1
redcowtechnologies,1
clubpix,1
collegestudent-loan,1
freakshare,1
mortgagewebcenter,1
searchjapan,1
demoty,1
sexworldcam,1
jobinfo,1
njfamilylawyer,1
closedteensroom,1
linkpersons,1
trafficbroker,1
mypagerank,1
baila6,1
h123w,1
networx,1
247,1
241,1
soundcloud,1
imlive,1
garysgoodstuff,1
delicious,1
purecock,1
celebsnewsonline,1
torrentbox,1
192,1
trackword,1
tagstat,1
freeporngirls,1
oreck,1
targetedinfo,1
cubicalpih,1
teensreal,1
teeniebabez,1
vatandownload,1
youngteenphotogalleries,1
royal-cash,1
alldebrid,1
hostsbase,1
palsnet,1
sextopliste,1
tanganrss,1
portfolioua,1
oldapps,1
kaleme,1
freshporn,1
bannerhost,1
irc,1
ipchicken,1
bookfi,1
mywot,1
xxxmade,1
naughtyblog,1
profitsdeluxe,1
total-share,1
mywebsearch,1
porno-inter,1
plentyoffish,1
iran-forum,1
younggirlsandfreephotos,1
sexsite69,1
africawin,1
pornleech,1
tight-teen-pussies,1
vkadre,1
serveftp,1
blogtoplist,1
unavco,1
moneybookers,1
jamendo,1
18pornmovies,1
aspnetcdn,1
webstats4u,1
teensyoutube,1
sportales,1
ip138,1
spankwire,1
adnkronos,1
targetedtopic,1
modernman,1
ertelecom,1
52,1
trenchtown,1
craiglist,1
pornolab,1
sex-topliste,1
wowdollars,1
erosexporn,1
ggrleads,1
umea,1
hdv-19,1
3girls,1
hostave4,1
flashgameheroes,1
holdtao,1
goodactiongames,1
all4toys,1
tendollarclick,1
thebox,1
dl-rms,1
wordpress,1
betrouwbare-webwinkels,1
mtv,1
blogdigger,1
hrxfdc,1
bestofvids,1
uploadstation,1
pichunter,1
rambomedia,1
iran20,1
photosteen,1
bestsitesearch,1
bannedteencelebs,1
marktest,1
asiachix,1
vintagepornplanet,1
hawaii,1
mygpt,1
gogousenet,1
tiny-model-teens,1
teen-pussies,1
thrixxx,1
srvnow,1
sekindo,1
wicked,1
forumcommunity,1
teenhappy,1
linezing,1
just8teen,1
jugesbikini,1
protect-x,1
newjerseydermatology,1
imagemaniac,1
148,1
adultsteen,1
sr,1
crystalcruises,1
tracktor,1
1and1,1
hitoduma-delivery,1
atena-dvd,1
now,1
uradvdr,1
podcastready,1
admob,1
kickasstorrents,1
bitgamer,1
ex,1
jung-und-geil,1
top-listas,1
sexkabi,1
smilevideo,1
edgekey,1
bluecava,1
ifolder,1
jokkmokk,1
ero-tix,1
digitalimpuls,1
defloration-sex,1
depositfiles,1
dampxxx,1
checkmytorrentip,1
mr-jatt,1
eroticgirlsgallery,1
yowgo,1
serienjunkies,1
seeyourip,1
deepthroattop100,1
wallabymail,1
insiderpages,1
fastwebcounter,1
sumotracker,1
beyluxe,1
nhaccuatui,1
iconarchive,1
latinmovies,1
tube-topliste,1
media,1
cloudflare,1
totalfilm,1
80code,1
contextuads,1
young-virginsex,1
virtuagirlhd,1
blogbugs,1
supervideos,1
hqteensvideo,1
beallsflorida,1
o2,1
uaportal,1
searchingmaster,1
windowsupdate,1
alef,1
littlemodel,1
home-ix,1
brazzers,1
2x0,1
bayimg,1
1baobao,1
topxxxsites,1
taoex,1
surgedirect,1
1000facials,1
guide-etna,1
xenobite,1
blogtopsites,1
lustrank,1
northstyle,1
sexporncum,1
charmskins,1
hotfinancetips,1
xkisses,1
youngteengalleries,1
fwdservice,1
naomitube,1
seoparts,1
98fun,1
thissclick,1
kinderchocolate-me,1
sexhits69,1
uwp,1
sexsearch,1
networkedblogs,1
addtoany,1
oujjmusallied,1
gandi,1
alesti,1
apnic,1
sexyone,1
arubamediamarketing,1
dallarmarket,1
pornstarslist,1
iatkos,1
ning,1
fastpasstv,1
omtrdc,1
reduxmedia,1
yellowpages,1
i11egalpussy,1
appsmail,1
harrenmedianetwork,1
xosnetwork,1
infolinks,1
hotfile,1
minidirectory,1
seaporn,1
netvibes,1
pornotgp,1
tfd,1
torrentmove,1
ironreload,1
jquery,1
bakumaga,1
sokowonantoka,1
hidefporn,1
xrea,1
rozblog,1
btstatic,1
privatewebseiten,1
72,1
71,1
216,1
1dhy,1
artrossia,1
adotube,1
jadi,1
mail-loop,1
youngvideosandphotos,1
mxptint,1
radikal,1
sexopages,1
rackcdn,1
militaryconnection,1
incest-angels,1
idol-blog,1
czin,1
longtailvideo,1
linkpayer,1
youngfreegirlphotos,1
webwag,1
a-pagerank,1
up98,1
afnca,1
ahlers,1
hushpass,1
sitemeter,1
teenspornvideo,1
i-nudes,1
freeteen4you,1
xp-smoker,1
bit,1
cuteteengirlfriends,1
lianbang-zhixiao,1
partyhardcore,1
pornmade,1
yabuka,1
libero,1
dsnextgen,1
radarurl,1
demandbase,1
pornstardatabase,1
keywordblocks,1
solocpm,1
veruta,1
bcm-ip,1
msecnd,1
tracksitetraffic1,1
udeb25,1
rfihub,1
goodgamestudios,1
balatarin,1
huuryuu,1
thailandtorrent,1
omany,1
oron,1
visualdna,1
sapo,1
10upload,1
newsgator,1
smanavi,1
ibiz,1
cern,1
nhautism,1
eqads,1
ranking-hits,1
ilovelittlebitches,1
watchop,1
pornshare,1
adulttoplive,1
sexy-doo,1
visualwebsiteoptimizer,1
adult-empire,1
scanalert,1
twitpic,1
pornfans,1
hotsexstreet,1
blackhat,1
ymail,1
citysearch,1
buyhitscheap,1
apcomchina,1
onushi,1
busquemoslo,1
noirads,1
miva,1
dvd-xanadu,1
www-21,1
happynights,1
jeffco,1
89,1
torrentproject,1
fuzoku-ranking,1
search-erotik-toplist,1
flughafen-stuttgart,1
playtech,1
checkmyip,1
statcounter,1
myusenet,1
yify-torrents,1
wetterzentrale,1
w3,1
transcrea,1
it-tech-personal,1
looto,1
selfmedia,1
sadtube,1
pornkino,1
mediafire,1
sexier,1
52ch,1
megaporn,1
istar100,1
sweetim,1
molura,1
miemasu,1
paldf,1
topsiteworld,1
gmail,1
ahaljolfa,1
khokkha,1
ed10,1
pornofuehrer,1
track-visits,1
free-xxx-porn,1
netomat,1
sxpinjie,1
joy-scape,1
bigspeedpro,1
syanari,1
pohsw,1
linkedin,1
bluehost,1
fabc,1
xmladfeed,1
perfect-nudes,1
desync,1
i,1
iegallery,1
photobucket,1
gmx,1
pixhost,1
tfile,1
megamodo,1
nfljacketshop,1
top100nudism,1
sexoase,1
lockhosts,1
110,1
113,1
expandsearchanswers,1
yumenetworks,1
2ch,1
pornfactor,1
thegameinstitute,1
teensclassic,1
sp-rank,1
chikka,1
onacle,1
russian-girls-porn,1
zoosk,1
newtention,1
ytjindong,1
dmm,1
marketplaceguru,1
utwente,1
porno-top-200,1
46,1
azz-overload,1
neswangy,1
toperotik,1
brandreachsys,1
mhcdn,1
a8,1
