myyearbook,2219
healthmad,1156
facebook,924
google,844
freexgallery,676
scienceray,553
1001-hotels,374
pricegrabber,357
gamesgardens,313
kidsmoms,313
lotsfungame,313
meebo,312
topgamebox,310
gamezpop,293
dailygamestime,291
prime-porn,282
youtube,282
imagefap,264
yuvutu,221
cam4,220
chatorgasm,198
svscomics,186
creafi-online-media,177
fc2,175
yahoo,169
teensfirstanal,164
tubecunts,155
vk,146
livedoor,146
apple,144
co,137
ferronetwork,137
jailbaitschan,134
sxx,133
free-toplisten,132
bologna,129
trekmedia,122
amateursfucking,120
mybcdna,119
just18,118
topface,117
hdv-teen,110
askjolene,103
com,102
benecolusa,101
btmon,95
freesexlink4you,93
googleusercontent,93
akinator,91
blogspot,86
perfectgirls,83
panpilog,80
adultfriendfinder,80
nastygodcash,79
teensnaked,78
vashazvezda,76
hothdvideo,73
raidrush,71
youporn,70
all4syria,70
gomestic,68
freexxxindex,65
medication-free,64
videosz,64
imagebam,63
kaskus,62
reifen-vor-ort,61
cnn,61
movieroomreviews,60
top-50,60
lilnymph,59
triond,59
fbcdn,58
interpark,57
ana-ero,57
distributel,57
thebimaxx,55
camfuze,55
socyberty,55
castingcouchingteens,55
littlevirginteens,55
hotels,54
realyoungvids,54
looti,53
gumtree,52
lycos,52
eurobabepics,51
moneydj,50
as-ansar,50
invitemedia,49
hostelworld,49
xhamster,48
usenet,46
adobe,46
xvideos,45
clkads,43
ip-score,43
yourdailygirls,42
nsgalleries,42
minkch,41
x-pics,41
momoero,40
lvinpress,40
bytelove,40
nudist-video,39
gigaporn,39
shahvani,38
org,37
japan-whores,36
trifter,36
eltrafiko,34
dti-ranker,33
twitter,33
5sextube,33
enuri,32
cam4ads,32
xl,32
interclick,31
freeteentop,31
nudistteen,31
payserve,31
tx,30
hwstatic,30
a-teenz,30
temptingcherries,30
gameolosophy,29
medleyads,29
teenpornthumb,29
drtuber,29
theporngarage,29
emuaid,29
isohunt,28
headandshoulders,28
lsmodel,28
asianpornarchive,28
hostels,27
bizcovering,27
tarstarkas,27
addthis,27
nymphetsfirsttimesex,26
yandex,25
russianvirginz,25
carsaccessories4u,25
ameblo,25
turner,25
pornstar-world,25
streamate,24
rudefinder,24
ytimg,23
teens-pics,23
kimonocuties,23
freephotogirls,23
angelfire,23
neswangy,23
hostingwebforum,22
fastclick,22
dumplingstherestaurant,22
teens-porn,22
viewpornstars,22
4chan,22
rlcdn,21
pornhub,21
adwolf,21
meetic,21
uloz,21
ftalk,21
yieldmanager,21
centralpoint,20
teensgirls,20
turn,20
machteamsoft,20
ironreload,20
teensx,20
teencz,19
letusfuck,18
solomodelpics,18
poparcades,18
xe,18
dsultra,18
pof,18
mesghal,18
videobbs,18
wlw,17
lice-mer,17
buxflow,17
gfsrv,17
japanfever,16
9.32282E+12,16
javme,16
swagbucks,16
girlsteachsex,16
nav,16
dtiblog,15
barkadafm,15
freeyoungteenphotos,15
alarabiya,15
adult-muryo,15
computersight,15
pubmatic,15
trulia,15
pornvat,14
nichegalz,14
nude-virgins,14
mindfactory,14
yfum,14
beeg,14
adfunky,14
163,14
xxxymovies,14
clubpixxx,14
teenvideos,14
teen-sweet,14
young-porn-photos,13
portableturk,13
xxxtop,13
kidsgames13,13
picoadserver,13
videokeman,13
tumblr,13
crwdcntrl,12
linkbucksmedia,12
wikiseda,12
emotii,12
models16,12
plugrush,12
onlyteenfuck,12
bestofvids,12
juicyads,12
dana336,11
phncdn,11
odnoklassniki,11
superwarehouse,11
onlinegames13,11
pulsemgr,11
nudistgirls,11
queenshare,11
2mdn,11
livejasmin,11
lijit,10
zedo,10
young-dreams,10
firstcovers,10
badoink,10
idol-blog,10
myfreecams,10
rubiconproject,10
icetraffic,10
cyberport,10
jerkroom,10
questionmarket,10
pyknet,10
hawlati,9
empflix,9
cdn-hotels,9
gamesbannernet,9
danarimedia,9
niceasspics,9
petiteteenworld,9
mnova,9
parsafun,9
webhostsafe,9
ilivid,9
secureserver,8
pornstargals,8
yieldads,8
estekhtam,8
blogger,8
searchcreek,8
walltowallstencils,8
tekoki7,8
6cartoons,8
extratorrent,8
jeetyetmedia,8
redfin,8
dictionarromanenglez,7
adnetwork,7
zxxds,7
youspacko,7
newegg,7
authspot,7
defloration-sex,7
realmedia,7
babcdn,7
tappinn,7
roozonline,7
vergoelst,7
whatismyipaddress,7
petitmovie,7
xxxschoolsex,7
ero-advertising,7
swankdollars,7
sitescout,7
uploaded,6
sexmovies,6
spearmintgirls,6
young-porno,6
domainprofi,6
link8,6
ofreegames,6
share-files,6
celebs101,6
baronsoffers,6
thepornlist,6
agedmamas,6
mediafire,6
teenskirts,6
imvu,6
images-amazon,6
heavy-r,6
young-xxx-porn,6
ero-toplist,6
tastefuldate,6
iplay,6
w55c,6
pichunter,6
baranmovie35,6
as997,5
mmaaxx,5
idisearch,5
donkeymails,5
youporninhd,5
erodo,5
domdex,5
cricbuzz,5
zigglesearch,5
geile100,5
shareaholic,5
yimg,5
wslinx,5
blogsky,5
racing-games,5
joyouspoker,5
adersite,5
perfect-teen-ass,5
thegameinstitute,5
traffichaus,5
011st,5
huntandgathermarketing,5
all4toys,5
validwin,5
sportingpulse,5
globalmeta,5
bcm-ip,5
ud-navi,4
videocustomizer,4
enoratraffic,4
rateshops,4
uni-stuttgart,4
nudeteenlist,4
iatkos,4
otherprofit,4
searchjapan,4
speedflux,4
nfm,4
ifriends,4
eromon,4
my-junior-sister,4
omexmlfeeds,4
mangahere,4
slovakiaguide,4
forumcommunity,4
inthecrack,4
upperseeker,4
finderlocator,4
topteens,4
adultfreedom,4
il,4
adult-navigator,4
dvd-xanadu,4
nicemix,4
crakmedia,4
allhousewifegals,4
putenporn,4
goaltraffic,4
teenpearls,4
teen4love,4
jamon-serrano,4
jeepshop,4
ssky-net,4
mediagra,4
hspj7777,3
bookmarkcentral,3
menepe,3
hotlayouts2u,3
ads-srv,3
bravotube,3
txpokergame,3
connexity,3
bing,3
theclassicpornmovies,3
pop6,3
craigslist,3
racinggames4u,3
sparkle-hayter,3
relijournal,3
real-familysex,3
trafficholder,3
probanners,3
shareadspace,3
xhamsterpremiumpass,3
sexkalite,3
fajrbh,3
dampxxx,3
freeadult,3
puthiyathalaimurai,3
androidgamese,3
veryyoung,3
beyondjane,3
datehookup,3
vs,3
discounttiredirect,3
domywife,3
cbox,3
cuteteengirlfriends,3
thespecialsearch,3
bustin-a-nut,3
addaim,3
validguard,3
ne,3
webupon,3
uploadic,3
hobwelt,3
gameslist,2
sndcdn,2
fidlar,2
fusionmails,2
az-europe,2
adult-mark,2
tipd,2
net,2
advertising,2
globe7,2
bravexml,2
baidu,2
qqgames,2
exhentai,2
industrystock,2
kralsexseyrett,2
ask,2
linkpersons,2
3pic,2
bluecava,2
milimedia,2
x0,2
rabbitporno,2
adxpansion,2
ebay,2
sharethis,2
looto,2
imdb,2
iloveinterracial,2
conduitapps,2
local,2
xxxbbs,2
hotfinancetips,2
trackuk,2
youku,2
quazen,2
sexad,2
greatsextop,2
count-down,2
chatango,2
happyptr,2
adult-rankingoo,2
datingadzone,2
free-world-classifieds,2
thepiratebay,2
insurancequotesbystate,2
mailbait,2
sunnshop,2
dupageco,2
supersonicads,2
xxxynetwork,2
atdmt,2
nv,2
3rat,2
hyperfind,2
ru4,2
trafficjunky,2
bestsitesearch,2
minidirectory,1
dailymotion,1
admeld,1
oldamsterdampost,1
kuxun,1
dbjsz,1
bestsite,1
xmlcpv,1
whoer,1
bitauto,1
lfstmedia,1
timeanddate,1
eurogayzone,1
idolbucks,1
mookie1,1
ilovelittlebitches,1
watchop,1
metrolyrics,1
linkbucks,1
freenudeteens,1
ostova,1
ma,1
ning,1
hotvirgins,1
gwallet,1
artrossia,1
newjerseydermatology,1
collegestudent-loan,1
aol,1
indecently-exposed,1
mortgagewebcenter,1
zeroadserver,1
payclick,1
alcomature,1
blogfa,1
apcomchina,1
jobinfo,1
busquemoslo,1
trafficbroker,1
topamateursexvideos,1
alef,1
americanexpress,1
dogsinduds,1
toolbar-ads,1
soundcloud,1
checkmyip,1
xtendmedia,1
purecock,1
playspan,1
ogame,1
digitalimpuls,1
betrouwbare-webwinkels,1
googleadservices,1
doubleclick,1
motorcrank,1
windows,1
mixi,1
microsoft,1
mr-jatt,1
pachinkas,1
whatismyip,1
1dhy,1
govzpeople,1
istar100,1
hostsbase,1
militaryconnection,1
miniclip,1
nightlifetelevision,1
imgsrc,1
portfolioua,1
rentamails,1
mathtag,1
insiderpages,1
userapi,1
costcentral,1
zossk,1
1centmail,1
tripadvisor,1
lazygirls,1
abzhu,1
jobs,1
ura-circle,1
targetedinfo,1
4shared,1
www-21,1
a-nw,1
sportales,1
transcrea,1
85games,1
adlantis,1
mapquest,1
hao123,1
microad,1
readnshout,1
hushpass,1
utorrent,1
dtiserv,1
rozblog,1
tuenti,1
beyluxe,1
bookstudio,1
pixnet,1
targetedtopic,1
virtuagirlhd,1
hqteensvideo,1
xunlei,1
lianbang-zhixiao,1
sherdog,1
sexyteenphoto,1
ppc-direct,1
optmd,1
3girls,1
nsimg,1
maktoob,1
bitgravity,1
socialgrowthtechnologies,1
mtv,1
89,1
3web,1
affaire-blog,1
expandsearchanswers,1
giveawayoftheday,1
naomitube,1
